"tgl","bukti","voucher","item","akun","qty","user","avg_awal_bln","beli_unit_bln","avg_ref","est_nilai_hilang","klasifikasi"
"2026-01-02","10126012200016","","TR.039","102-001","1.00","alfa","0.0000","0.0000","0","0.00","CEK-0 (tak ada cost basis -> keputusan accounting)"
"2026-01-05","10126012200006","","TR.038","102-001","1.00","alfa","0.0000","0.0000","0","0.00","CEK-0 (tak ada cost basis -> keputusan accounting)"
"2026-01-05","10126012200013","","TR.038","102-001","1.00","alfa","0.0000","0.0000","0","0.00","CEK-0 (tak ada cost basis -> keputusan accounting)"
"2026-01-06","10126012200018","","TR.1003","102-001","1.00","alfa","0.0000","0.0000","0","0.00","CEK-0 (tak ada cost basis -> keputusan accounting)"
"2026-01-07","10126012200017","","TR.038","102-001","1.00","alfa","0.0000","0.0000","0","0.00","CEK-0 (tak ada cost basis -> keputusan accounting)"
"2026-01-08","10126012200020","","TR.1002","102-001","1.00","alfa","0.0000","0.0000","0","0.00","CEK-0 (tak ada cost basis -> keputusan accounting)"
"2026-01-08","10126012200021","","TR.1002","102-001","1.00","alfa","0.0000","0.0000","0","0.00","CEK-0 (tak ada cost basis -> keputusan accounting)"
"2026-01-12","10126012200031","","TR.910","102-001","1.00","alfa","0.0000","0.0000","0","0.00","CEK-0 (tak ada cost basis -> keputusan accounting)"
"2026-01-12","10126012200033","","TR.1002","102-001","1.00","alfa","0.0000","0.0000","0","0.00","CEK-0 (tak ada cost basis -> keputusan accounting)"
"2026-01-12","10126012200034","","TR.1002","102-001","1.00","alfa","0.0000","0.0000","0","0.00","CEK-0 (tak ada cost basis -> keputusan accounting)"
"2026-01-12","10126012200035","","TR.1002","102-001","1.00","alfa","0.0000","0.0000","0","0.00","CEK-0 (tak ada cost basis -> keputusan accounting)"
"2026-01-12","10126012200036","","TR.1002","102-001","1.00","alfa","0.0000","0.0000","0","0.00","CEK-0 (tak ada cost basis -> keputusan accounting)"
"2026-01-12","10126012200045","","TR.040","102-001","1.00","alfa","0.0000","0.0000","0","0.00","CEK-0 (tak ada cost basis -> keputusan accounting)"
"2026-01-13","10126012200050","","TR.910","102-001","1.00","alfa","0.0000","0.0000","0","0.00","CEK-0 (tak ada cost basis -> keputusan accounting)"
"2026-01-13","10126012200042","","TR.039","102-001","1.00","alfa","0.0000","0.0000","0","0.00","CEK-0 (tak ada cost basis -> keputusan accounting)"
"2026-01-14","10126012200059","","TR.1006","102-001","1.00","alfa","0.0000","0.0000","0","0.00","CEK-0 (tak ada cost basis -> keputusan accounting)"
"2026-01-14","10126012200052","","TR.1006","102-001","1.00","alfa","0.0000","0.0000","0","0.00","CEK-0 (tak ada cost basis -> keputusan accounting)"
"2026-01-14","10126012200049","","TR.1004","102-001","1.00","alfa","0.0000","0.0000","0","0.00","CEK-0 (tak ada cost basis -> keputusan accounting)"
"2026-01-15","10126012200060","","TR.038","102-001","1.00","alfa","0.0000","0.0000","0","0.00","CEK-0 (tak ada cost basis -> keputusan accounting)"
"2026-01-15","10126012200061","","TR.910","102-001","1.00","alfa","0.0000","0.0000","0","0.00","CEK-0 (tak ada cost basis -> keputusan accounting)"
"2026-01-15","10126012200070","","TR.040","102-001","1.00","alfa","0.0000","0.0000","0","0.00","CEK-0 (tak ada cost basis -> keputusan accounting)"
"2026-01-19","10126012200069","","TR.1006","102-001","1.00","alfa","0.0000","0.0000","0","0.00","CEK-0 (tak ada cost basis -> keputusan accounting)"
"2026-01-20","10126012200084","","TR.1003","102-001","1.00","alfa","0.0000","0.0000","0","0.00","CEK-0 (tak ada cost basis -> keputusan accounting)"
"2026-01-20","10126012200080","","TR.039","102-001","1.00","alfa","0.0000","0.0000","0","0.00","CEK-0 (tak ada cost basis -> keputusan accounting)"
"2026-01-20","10126012200079","","TR.040","102-001","1.00","alfa","0.0000","0.0000","0","0.00","CEK-0 (tak ada cost basis -> keputusan accounting)"
"2026-01-22","10126012200096","","TR.1004","102-001","1.00","alfa","0.0000","0.0000","0","0.00","CEK-0 (tak ada cost basis -> keputusan accounting)"
"2026-01-22","10126012200095","","TR.1003","102-001","1.00","alfa","0.0000","0.0000","0","0.00","CEK-0 (tak ada cost basis -> keputusan accounting)"
"2026-01-22","10126012200082","","TR.1002","102-001","1.00","alfa","0.0000","0.0000","0","0.00","CEK-0 (tak ada cost basis -> keputusan accounting)"
"2026-01-22","10126012200081","","TR.910","102-001","1.00","alfa","0.0000","0.0000","0","0.00","CEK-0 (tak ada cost basis -> keputusan accounting)"
"2026-01-23","10126012200107","","TR.910","102-001","1.00","alfa","0.0000","0.0000","0","0.00","CEK-0 (tak ada cost basis -> keputusan accounting)"
"2026-01-26","10126012200100","","TR.1002","102-001","1.00","alfa","0.0000","0.0000","0","0.00","CEK-0 (tak ada cost basis -> keputusan accounting)"
"2026-01-26","10126012200109","","TR.039","102-001","1.00","alfa","0.0000","0.0000","0","0.00","CEK-0 (tak ada cost basis -> keputusan accounting)"
"2026-01-26","10126012200108","","TR.040","102-001","1.00","alfa","0.0000","0.0000","0","0.00","CEK-0 (tak ada cost basis -> keputusan accounting)"
"2026-01-27","10126012200118","","TR.911","102-001","1.00","alfa","0.0000","0.0000","0","0.00","CEK-0 (tak ada cost basis -> keputusan accounting)"
"2026-01-27","10126012200105","","TR.1002","102-001","1.00","alfa","0.0000","0.0000","0","0.00","CEK-0 (tak ada cost basis -> keputusan accounting)"
"2026-01-28","10126012200131","","TR.040","102-001","1.00","alfa","0.0000","0.0000","0","0.00","CEK-0 (tak ada cost basis -> keputusan accounting)"
"2026-01-28","10126012200125","","TR.1002","102-001","1.00","alfa","0.0000","0.0000","0","0.00","CEK-0 (tak ada cost basis -> keputusan accounting)"
"2026-01-28","10126012200136","","TR.1006","102-001","1.00","alfa","0.0000","0.0000","0","0.00","CEK-0 (tak ada cost basis -> keputusan accounting)"
"2026-01-28","10126012200124","","TR.039","102-001","1.00","alfa","0.0000","0.0000","0","0.00","CEK-0 (tak ada cost basis -> keputusan accounting)"
"2026-01-28","10126012200119","","TR.1002","102-001","1.00","alfa","0.0000","0.0000","0","0.00","CEK-0 (tak ada cost basis -> keputusan accounting)"
"2026-01-28","10126012200137","","TR.1006","102-001","1.00","alfa","0.0000","0.0000","0","0.00","CEK-0 (tak ada cost basis -> keputusan accounting)"
"2026-01-28","10126012200138","","TR.040","102-001","1.00","alfa","0.0000","0.0000","0","0.00","CEK-0 (tak ada cost basis -> keputusan accounting)"
"2026-01-28","10126012200135","","TR.1004","102-001","1.00","alfa","0.0000","0.0000","0","0.00","CEK-0 (tak ada cost basis -> keputusan accounting)"
"2026-01-29","10126012200123","","TR.1003","102-001","1.00","alfa","0.0000","0.0000","0","0.00","CEK-0 (tak ada cost basis -> keputusan accounting)"
"2026-01-29","10126012200130","","TR.038","102-001","1.00","alfa","0.0000","0.0000","0","0.00","CEK-0 (tak ada cost basis -> keputusan accounting)"
"2026-01-30","10126012200133","","TR.040","102-001","1.00","alfa","0.0000","0.0000","0","0.00","CEK-0 (tak ada cost basis -> keputusan accounting)"
"2026-01-30","10126012200134","","TR.040","102-001","1.00","alfa","0.0000","0.0000","0","0.00","CEK-0 (tak ada cost basis -> keputusan accounting)"
"2026-02-03","10126022200055","","TR.1007","102-001","1.00","alfa","0.0000","0.0000","0","0.00","CEK-0 (tak ada cost basis -> keputusan accounting)"
"2026-02-03","10126022200017","","TR.038","102-001","1.00","alfa","0.0000","0.0000","0","0.00","CEK-0 (tak ada cost basis -> keputusan accounting)"
"2026-02-03","10126022200012","","TR.1007","102-001","1.00","alfa","0.0000","0.0000","0","0.00","CEK-0 (tak ada cost basis -> keputusan accounting)"
"2026-02-03","10126022200087","","TR.038","102-001","1.00","alfa","0.0000","0.0000","0","0.00","CEK-0 (tak ada cost basis -> keputusan accounting)"
"2026-02-04","10126022200053","","TR.1004","102-001","1.00","alfa","0.0000","0.0000","0","0.00","CEK-0 (tak ada cost basis -> keputusan accounting)"
"2026-02-05","10126022200054","","TR.039","102-001","1.00","alfa","0.0000","0.0000","0","0.00","CEK-0 (tak ada cost basis -> keputusan accounting)"
"2026-02-05","10126022200018","","TR.1004","102-001","1.00","alfa","0.0000","0.0000","0","0.00","CEK-0 (tak ada cost basis -> keputusan accounting)"
"2026-02-06","10126022200021","","TR.1004","102-001","1.00","alfa","0.0000","0.0000","0","0.00","CEK-0 (tak ada cost basis -> keputusan accounting)"
"2026-02-06","10126022200065","","TR.1006","102-001","1.00","alfa","0.0000","0.0000","0","0.00","CEK-0 (tak ada cost basis -> keputusan accounting)"
"2026-02-06","10126022200032","","TR.039","102-001","1.00","alfa","0.0000","0.0000","0","0.00","CEK-0 (tak ada cost basis -> keputusan accounting)"
"2026-02-06","10126022200026","","TR.040","102-001","1.00","alfa","0.0000","0.0000","0","0.00","CEK-0 (tak ada cost basis -> keputusan accounting)"
"2026-02-09","10126022200086","","TR.038","102-001","1.00","alfa","0.0000","0.0000","0","0.00","CEK-0 (tak ada cost basis -> keputusan accounting)"
"2026-02-10","10126022200052","","TR.1004","102-001","1.00","alfa","0.0000","0.0000","0","0.00","CEK-0 (tak ada cost basis -> keputusan accounting)"
"2026-02-10","10126022200044","","TR.1006","102-001","1.00","alfa","0.0000","0.0000","0","0.00","CEK-0 (tak ada cost basis -> keputusan accounting)"
"2026-02-10","10126022200043","","TR.1006","102-001","1.00","alfa","0.0000","0.0000","0","0.00","CEK-0 (tak ada cost basis -> keputusan accounting)"
"2026-02-10","10126022200042","","TR.1003","102-001","1.00","alfa","0.0000","0.0000","0","0.00","CEK-0 (tak ada cost basis -> keputusan accounting)"
"2026-02-12","10126022200085","","TR.1006","102-001","1.00","alfa","0.0000","0.0000","0","0.00","CEK-0 (tak ada cost basis -> keputusan accounting)"
"2026-02-12","10126022200084","","TR.1006","102-001","1.00","alfa","0.0000","0.0000","0","0.00","CEK-0 (tak ada cost basis -> keputusan accounting)"
"2026-02-12","10126022200082","","TR.040","102-001","1.00","alfa","0.0000","0.0000","0","0.00","CEK-0 (tak ada cost basis -> keputusan accounting)"
"2026-02-12","10126022200046","","TR.1006","102-001","1.00","alfa","0.0000","0.0000","0","0.00","CEK-0 (tak ada cost basis -> keputusan accounting)"
"2026-02-12","10126022200045","","TR.911","102-001","1.00","alfa","0.0000","0.0000","0","0.00","CEK-0 (tak ada cost basis -> keputusan accounting)"
"2026-02-13","10126022200150","","TR.910","102-001","1.00","alfa","0.0000","0.0000","0","0.00","CEK-0 (tak ada cost basis -> keputusan accounting)"
"2026-02-13","10126022200051","","TR.910","102-001","1.00","alfa","0.0000","0.0000","0","0.00","CEK-0 (tak ada cost basis -> keputusan accounting)"
"2026-02-16","10126022200092","","TR.040","102-001","1.00","alfa","0.0000","0.0000","0","0.00","CEK-0 (tak ada cost basis -> keputusan accounting)"
"2026-02-16","10126022200062","","TR.1006","102-001","1.00","NUR","0.0000","0.0000","0","0.00","CEK-0 (tak ada cost basis -> keputusan accounting)"
"2026-02-18","10126022200078","","TR.038","102-001","1.00","alfa","0.0000","0.0000","0","0.00","CEK-0 (tak ada cost basis -> keputusan accounting)"
"2026-02-18","10126022200079","","TR.038","102-001","1.00","alfa","0.0000","0.0000","0","0.00","CEK-0 (tak ada cost basis -> keputusan accounting)"
"2026-02-18","10126022200066","","TR.1007","102-001","1.00","alfa","0.0000","0.0000","0","0.00","CEK-0 (tak ada cost basis -> keputusan accounting)"
"2026-02-18","10126022200069","","TR.038","102-001","1.00","alfa","0.0000","0.0000","0","0.00","CEK-0 (tak ada cost basis -> keputusan accounting)"
"2026-02-18","10126022200070","","TR.038","102-001","1.00","alfa","0.0000","0.0000","0","0.00","CEK-0 (tak ada cost basis -> keputusan accounting)"
"2026-02-18","10126022200071","","TR.038","102-001","1.00","alfa","0.0000","0.0000","0","0.00","CEK-0 (tak ada cost basis -> keputusan accounting)"
"2026-02-18","10126022200072","","TR.038","102-001","1.00","alfa","0.0000","0.0000","0","0.00","CEK-0 (tak ada cost basis -> keputusan accounting)"
"2026-02-18","10126022200091","","TR.1006","102-001","1.00","alfa","0.0000","0.0000","0","0.00","CEK-0 (tak ada cost basis -> keputusan accounting)"
"2026-02-18","10126022200077","","TR.038","102-001","1.00","alfa","0.0000","0.0000","0","0.00","CEK-0 (tak ada cost basis -> keputusan accounting)"
"2026-02-18","10126022200080","","TR.038","102-001","1.00","alfa","0.0000","0.0000","0","0.00","CEK-0 (tak ada cost basis -> keputusan accounting)"
"2026-02-18","10126022200073","","TR.038","102-001","1.00","alfa","0.0000","0.0000","0","0.00","CEK-0 (tak ada cost basis -> keputusan accounting)"
"2026-02-18","10126022200075","","TR.038","102-001","1.00","alfa","0.0000","0.0000","0","0.00","CEK-0 (tak ada cost basis -> keputusan accounting)"
"2026-02-18","10126022200076","","TR.038","102-001","1.00","alfa","0.0000","0.0000","0","0.00","CEK-0 (tak ada cost basis -> keputusan accounting)"
"2026-02-18","10126022200074","","TR.038","102-001","1.00","alfa","0.0000","0.0000","0","0.00","CEK-0 (tak ada cost basis -> keputusan accounting)"
"2026-02-18","10126022200081","","TR.038","102-001","1.00","alfa","0.0000","0.0000","0","0.00","CEK-0 (tak ada cost basis -> keputusan accounting)"
"2026-02-19","10126022200090","","TR.1003","102-001","1.00","alfa","0.0000","0.0000","0","0.00","CEK-0 (tak ada cost basis -> keputusan accounting)"
"2026-02-19","10126022200089","","TR.039","102-001","1.00","alfa","0.0000","0.0000","0","0.00","CEK-0 (tak ada cost basis -> keputusan accounting)"
"2026-02-20","10126022200093","","TR.1006","102-001","1.00","alfa","0.0000","0.0000","0","0.00","CEK-0 (tak ada cost basis -> keputusan accounting)"
"2026-02-20","10126022200097","","TR.039","102-001","1.00","alfa","0.0000","0.0000","0","0.00","CEK-0 (tak ada cost basis -> keputusan accounting)"
"2026-02-20","10126022200105","","TR.1006","102-001","1.00","alfa","0.0000","0.0000","0","0.00","CEK-0 (tak ada cost basis -> keputusan accounting)"
"2026-02-20","10126022200113","","TR.039","102-001","1.00","alfa","0.0000","0.0000","0","0.00","CEK-0 (tak ada cost basis -> keputusan accounting)"
"2026-02-20","10126022200145","","TR.038","102-001","1.00","alfa","0.0000","0.0000","0","0.00","CEK-0 (tak ada cost basis -> keputusan accounting)"
"2026-02-23","10126022200099","","TR.1003","102-001","1.00","alfa","0.0000","0.0000","0","0.00","CEK-0 (tak ada cost basis -> keputusan accounting)"
"2026-02-23","10126022200100","","TR.1007","102-001","1.00","alfa","0.0000","0.0000","0","0.00","CEK-0 (tak ada cost basis -> keputusan accounting)"
"2026-02-23","10126022200143","","TR.1007","102-001","1.00","alfa","0.0000","0.0000","0","0.00","CEK-0 (tak ada cost basis -> keputusan accounting)"
"2026-02-23","10126022200142","","TR.1007","102-001","1.00","alfa","0.0000","0.0000","0","0.00","CEK-0 (tak ada cost basis -> keputusan accounting)"
"2026-02-23","10126022200141","","TR.1007","102-001","1.00","alfa","0.0000","0.0000","0","0.00","CEK-0 (tak ada cost basis -> keputusan accounting)"
"2026-02-23","10126022200120","","TR.039","102-001","1.00","alfa","0.0000","0.0000","0","0.00","CEK-0 (tak ada cost basis -> keputusan accounting)"
"2026-02-23","10126022200103","","TR.1007","102-001","1.00","alfa","0.0000","0.0000","0","0.00","CEK-0 (tak ada cost basis -> keputusan accounting)"
"2026-02-23","10126022200102","","TR.1007","102-001","1.00","alfa","0.0000","0.0000","0","0.00","CEK-0 (tak ada cost basis -> keputusan accounting)"
"2026-02-23","10126022200101","","TR.1007","102-001","1.00","alfa","0.0000","0.0000","0","0.00","CEK-0 (tak ada cost basis -> keputusan accounting)"
"2026-02-23","10126022200098","","TR.1003","102-001","1.00","alfa","0.0000","0.0000","0","0.00","CEK-0 (tak ada cost basis -> keputusan accounting)"
"2026-02-24","10126022200146","","TR.038","102-001","1.00","alfa","0.0000","0.0000","0","0.00","CEK-0 (tak ada cost basis -> keputusan accounting)"
"2026-02-24","10126022200135","","TR.038","102-001","1.00","alfa","0.0000","0.0000","0","0.00","CEK-0 (tak ada cost basis -> keputusan accounting)"
"2026-02-25","10126022200131","","TR.910","102-001","1.00","alfa","0.0000","0.0000","0","0.00","CEK-0 (tak ada cost basis -> keputusan accounting)"
"2026-02-25","10126022200117","","TR.1007","102-001","1.00","alfa","0.0000","0.0000","0","0.00","CEK-0 (tak ada cost basis -> keputusan accounting)"
"2026-02-25","10126022200130","","TR.910","102-001","1.00","alfa","0.0000","0.0000","0","0.00","CEK-0 (tak ada cost basis -> keputusan accounting)"
"2026-02-25","10126022200128","","TR.1006","102-001","1.00","alfa","0.0000","0.0000","0","0.00","CEK-0 (tak ada cost basis -> keputusan accounting)"
"2026-02-26","10126022200133","","TR.039","102-001","1.00","alfa","0.0000","0.0000","0","0.00","CEK-0 (tak ada cost basis -> keputusan accounting)"
"2026-02-26","10126022200139","","TR.1007","102-001","1.00","alfa","0.0000","0.0000","0","0.00","CEK-0 (tak ada cost basis -> keputusan accounting)"
"2026-02-27","10126022200137","","TR.040","102-001","1.00","alfa","0.0000","0.0000","0","0.00","CEK-0 (tak ada cost basis -> keputusan accounting)"
"2026-02-27","10126022200138","","TR.040","102-001","1.00","alfa","0.0000","0.0000","0","0.00","CEK-0 (tak ada cost basis -> keputusan accounting)"
"2026-02-27","10126022200140","","TR.1007","102-001","1.00","alfa","0.0000","0.0000","0","0.00","CEK-0 (tak ada cost basis -> keputusan accounting)"
"2026-02-27","10126022200147","","TR.038","102-001","1.00","alfa","0.0000","0.0000","0","0.00","CEK-0 (tak ada cost basis -> keputusan accounting)"
"2026-02-27","10126022200151","","TR.1007","102-001","1.00","alfa","0.0000","0.0000","0","0.00","CEK-0 (tak ada cost basis -> keputusan accounting)"
"2026-01-21","10126012200094","","NR.401","102-003","1.00","alfa","0.0000","0.0000","0","0.00","CEK-0 (tak ada cost basis -> keputusan accounting)"
"2026-01-30","10126012200132","","NR.401","102-003","1.00","alfa","0.0000","0.0000","0","0.00","CEK-0 (tak ada cost basis -> keputusan accounting)"
"2026-01-13","10126012200051","","TYU-001","102-010","1.00","alfa","0.0000","0.0000","0","0.00","CEK-0 (tak ada cost basis -> keputusan accounting)"
"2026-01-13","10126012200051","","TYU-001A","102-010","1.00","alfa","0.0000","5336000.0000","5336000.0000","5336000.00","BUG-kandidat (isi average)"
"2026-01-15","10126012200063","","TYU-001","102-010","1.00","alfa","0.0000","0.0000","0","0.00","CEK-0 (tak ada cost basis -> keputusan accounting)"
"2026-01-15","10126012200062","","TYU-001","102-010","1.00","alfa","0.0000","0.0000","0","0.00","CEK-0 (tak ada cost basis -> keputusan accounting)"
"2026-01-20","10126012200090","","TYU-001","102-010","1.00","alfa","0.0000","0.0000","0","0.00","CEK-0 (tak ada cost basis -> keputusan accounting)"
"2026-01-20","10126012200074","","TYU-001","102-010","1.00","alfa","0.0000","0.0000","0","0.00","CEK-0 (tak ada cost basis -> keputusan accounting)"
"2026-01-21","10126012200091","","TYU-001","102-010","1.00","alfa","0.0000","0.0000","0","0.00","CEK-0 (tak ada cost basis -> keputusan accounting)"
"2026-01-27","10126012200111","","TYU-001","102-010","1.00","alfa","0.0000","0.0000","0","0.00","CEK-0 (tak ada cost basis -> keputusan accounting)"
"2026-01-27","10126012200110","","TYU-001","102-010","1.00","alfa","0.0000","0.0000","0","0.00","CEK-0 (tak ada cost basis -> keputusan accounting)"
"2026-02-03","10126022200019","","TYU-001","102-010","1.00","alfa","0.0000","0.0000","0","0.00","CEK-0 (tak ada cost basis -> keputusan accounting)"
"2026-02-03","10126022200020","","TYU-001","102-010","1.00","alfa","0.0000","0.0000","0","0.00","CEK-0 (tak ada cost basis -> keputusan accounting)"
"2026-02-03","10126022200020","","TYU-001B","102-010","1.00","alfa","2730000.0000","0.0000","2730000.0000","2730000.00","BUG-kandidat (isi average)"
"2026-02-03","10126022200019","","TYU-001B","102-010","1.00","alfa","2730000.0000","0.0000","2730000.0000","2730000.00","BUG-kandidat (isi average)"
"2026-02-27","10126022200148","","TYU-005A","102-010","1.00","alfa","0.0000","0.0000","0","0.00","CEK-0 (tak ada cost basis -> keputusan accounting)"
"2026-02-27","10126022200148","","TYU-005","102-010","1.00","alfa","0.0000","0.0000","0","0.00","CEK-0 (tak ada cost basis -> keputusan accounting)"
"2026-01-08","10126012200026","R 8318 K","TS.102-1081","102-101","1.00","DIKI","5316287.8400","0.0000","5316287.8400","5316287.84","BUG-kandidat (isi average)"
"2026-01-19","10126012200065","","TS.102-1081","102-101","1.00","alfa","5316287.8400","0.0000","5316287.8400","5316287.84","BUG-kandidat (isi average)"
"2026-01-22","10126012200089","N 9306 UV ","TS.102-1081","102-101","1.00","diki","5316287.8400","0.0000","5316287.8400","5316287.84","BUG-kandidat (isi average)"
"2026-02-02","10126022200001","","TS.102-1081","102-101","1.00","alfa","0.0000","0.0000","0","0.00","CEK-0 (tak ada cost basis -> keputusan accounting)"
"2026-02-03","10126022200007","B 9833 SYP","TS.067-2818","102-101","1.00","diki","3169131.4600","0.0000","3169131.4600","3169131.46","BUG-kandidat (isi average)"
"2026-02-04","10126022200008","","TS.067-2912","102-101","1.00","alfa","4139594.8500","0.0000","4139594.8500","4139594.85","BUG-kandidat (isi average)"
"2026-02-06","10126022200023","","TS.102-1181","102-101","1.00","alfa","5333706.7100","0.0000","5333706.7100","5333706.71","BUG-kandidat (isi average)"
"2026-02-13","10126022200060","","TS.102-1081","102-101","1.00","alfa","0.0000","0.0000","0","0.00","CEK-0 (tak ada cost basis -> keputusan accounting)"
"2026-02-25","10126022200112","","TS.067-2902","102-101","1.00","alfa","6296260.9400","0.0000","6296260.9400","6296260.94","BUG-kandidat (isi average)"
"2026-01-13","10126012200039","","TL.091-9637","102-102","10.00","alfa","0.0000","0.0000","0","0.00","CEK-0 (tak ada cost basis -> keputusan accounting)"
"2026-01-13","10126012200038","","TL.091-9637","102-102","5.00","alfa","0.0000","0.0000","0","0.00","CEK-0 (tak ada cost basis -> keputusan accounting)"
"2026-02-05","10126022200016","DK 8506 FZ","NDS.12.1.12.0084","102-103","2.00","DIKI","0.0000","1086240.0000","1086240.0000","2172480.00","BUG-kandidat (isi average)"
"2026-01-05","10126012200005","","LB.015.3211","102-110","1.00","alfa","0.0000","0.0000","0","0.00","CEK-0 (tak ada cost basis -> keputusan accounting)"
"2026-01-07","10126012200012","","LH.02.0005","102-110","4.00","alfa","14997.0500","0.0000","14997.0500","59988.20","BUG-kandidat (isi average)"
"2026-01-14","10126012200048","","LH.01.0006","102-110","3.00","alfa","0.0000","0.0000","0","0.00","CEK-0 (tak ada cost basis -> keputusan accounting)"
"2026-01-14","10126012200048","","LH.01.0007","102-110","3.00","alfa","230000.0000","0.0000","230000.0000","690000.00","BUG-kandidat (isi average)"
"2026-01-29","10126012200120","B 9754 UXZ","LP.08.0010","102-110","1.00","diki","0.0000","0.0000","0","0.00","CEK-0 (tak ada cost basis -> keputusan accounting)"
"2026-02-12","10126022200047","B 9785 UCD","LK.06.0004","102-110","1.00","diki","0.0000","0.0000","0","0.00","CEK-0 (tak ada cost basis -> keputusan accounting)"
"2026-02-26","10126022200121","B 9868 UXZ","LK.02.0064","102-110","6.00","diki","1.0000","0.0000","1.0000","6.00","BUG-kandidat (isi average)"
"2026-02-26","10126022200121","B 9868 UXZ","LP.08.0010","102-110","1.00","diki","0.0000","0.0000","0","0.00","CEK-0 (tak ada cost basis -> keputusan accounting)"
"2026-02-06","10126022200021","","BF.01.0006","102-203","1.00","alfa","0.0000","50500000.0000","50500000.0000","50500000.00","BUG-kandidat (isi average)"
"2026-02-27","10126022200148","","BF.01.0013","102-203","1.00","alfa","0.0000","67000000.0000","67000000.0000","67000000.00","BUG-kandidat (isi average)"
