"faktur_tgl","wipout_tgl","lintas_bln","stok_id","nama","serial","faktur","qty","cogs_posted","hpp_wipout","selisih_total","order_client"
"2026-01-26","2025-10-16","YA","TR.1002A","SV-400 EVAP/COND","CIM1061687","10126012200100","1.00","34649470.03","34396961.94","252508.09","10103260100031"
"2026-01-28","2024-12-27","YA","TR.1006A","SV-600  EVAP/COND","CIM1050198","10126012200136","1.00","39585996.54","40371775.34","-785778.80","10103260100047"
"2026-02-03","2026-01-28","YA","TR.1007A","SV-800  EVAP/COND/","CIM1086245","10126022200012","1.00","51352987.91","50595413.02","757574.89","10103260200001"
"2026-02-03","2026-01-14","YA","TR.1007A","SV-800  EVAP/COND/","CIM1086242","10126022200055","1.00","51352987.91","50595413.02","757574.89","10103260200015"
"2026-02-05","2025-11-05","YA","TR.039A","T-1080 PRO  EVAP/C","CIM1079815","10126022200054","1.00","211176868.43","209664529.65","1512338.78","10103260200014"
"2026-02-10","2026-01-26","YA","TR.1006A","SV-600  EVAP/COND","CIM1083238","10126022200044","1.00","40187486.90","39585996.54","601490.37","10103260200008"
"2026-02-10","2026-01-26","YA","TR.1006A","SV-600  EVAP/COND","CIM1083268","10126022200043","1.00","40187486.90","39585996.54","601490.37","10103260200007"
"2026-02-18","2025-12-16","YA","TR.1007A","SV-800  EVAP/COND/","CIM1084287","10126022200066","1.00","51352987.91","50595413.02","757574.89","10103260200019"
"2026-02-23","2025-12-04","YA","TR.1007A","SV-800  EVAP/COND/","CIM1086244","10126022200101","1.00","51352987.91","50595413.02","757574.89","10103260200047"
"2026-02-23","2025-12-04","YA","TR.1007A","SV-800  EVAP/COND/","CIM1086243","10126022200100","1.00","51352987.91","50595413.02","757574.89","10103260200046"
"2026-04-02","2026-03-02","YA","TR.1006A","SV-600  EVAP/COND","CIM1091059","10126042200044","1.00","41231431.89","40187486.90","1043944.99","10103260400010"
"2026-04-02","2026-02-23","YA","TR.1006A","SV-600  EVAP/COND","CIM1083231","10126042200026","1.00","41231431.89","40187486.90","1043944.99","10103260400005"
"2026-04-06","2026-03-16","YA","TR.1006A","SV-600  EVAP/COND","CIM1091060","10126042200024","1.00","41231431.89","40187486.90","1043944.99","10103260400003"
"2026-04-08","2026-02-04","YA","TR.1006A","SV-600  EVAP/COND","CIM1083230","10126042200021","1.00","41231431.89","40187486.90","1043944.99","10103260400002"
"2026-04-08","2026-02-02","YA","TR.1006A","SV-600  EVAP/COND","CIM1083228","10126042200025","1.00","41231431.89","40187486.90","1043944.99","10103260400004"
"2026-04-13","2026-02-23","YA","TR.1007A","SV-800  EVAP/COND/","CIM1091792","10126042200153","1.00","51397395.91","51352987.91","44408.00","10103260400047"
"2026-04-17","2026-02-23","YA","TR.1006A","SV-600  EVAP/COND","CIM1083244","10126042200082","1.00","41231431.89","40187486.90","1043944.99","10103260400024"
"2026-04-17","2026-02-23","YA","TR.1007A","SV-800  EVAP/COND/","CIM1091793","10126042200083","1.00","51397395.91","51352987.91","44408.00","10103260400025"
"2026-04-20","2025-12-18","YA","TR.1006A","SV-600  EVAP/COND","CIM1083704","10126042200086","1.00","41231431.89","39585996.54","1645435.35","10103260400026"
"2026-04-22","2026-02-02","YA","TR.1006A","SV-600  EVAP/COND","CIM1083236","10126042200157","1.00","41231431.89","40187486.90","1043944.99","10103260400051"
"2026-04-24","2026-03-13","YA","TR.1006A","SV-600  EVAP/COND","CIM1083712","10126042200115","1.00","41231431.89","40187486.90","1043944.99","10103260400034"
"2026-04-29","2026-02-23","YA","TR.1007A","SV-800  EVAP/COND/","CIM1091786","10126042200160","1.00","51397395.91","51352987.91","44408.00","10103260400054"
"2026-05-04","2026-04-28","YA","TR.038A","T-1200 R    EVAP/C","CIM1090964","10126052200010","1.00","249365050.24","247837581.04","1527469.20","10103260500002"
"2026-05-05","2026-04-27","YA","TR.1007A","SV-800  EVAP/COND/","CIM1091796","10126052200020","1.00","51675088.47","51397395.91","277692.56","10103260500004"
"2026-05-07","2026-02-23","YA","TR.1007A","SV-800  EVAP/COND/","CIM1091780","10126052200045","1.00","51675088.47","51352987.91","322100.56","10103260500007"
"2026-05-12","2026-02-23","YA","TR.1006A","SV-600  EVAP/COND","CIM1083697","10126052200099","1.00","41231431.89","40187486.90","1043944.99","10103260500024"
"2026-05-12","2026-04-30","YA","TR.1007A","SV-800  EVAP/COND/","CIM1091784","10126052200053","1.00","51675088.47","51397395.91","277692.56","10103260500012"
"2026-05-12","2025-12-26","YA","TR.910A","RV-300 12V EVAP/CO","CIM1083379","10126052200048","1.00","27251352.25","27165189.60","86162.65","10103260500009"
"2026-05-13","2026-04-22","YA","TR.1007A","SV-800  EVAP/COND/","CIM1091797","10126052200086","1.00","51675088.47","51397395.91","277692.56","10103260500023"
"2026-05-18","2026-04-29","YA","TR.1007A","SV-800  EVAP/COND/","CIM1091785","10126052200142","1.00","51675088.47","51397395.91","277692.56","10103260500046"
"2026-05-22","2026-04-14","YA","TR.039A","T-1080 PRO  EVAP/C","CIM1090967","10126052200109","1.00","214314126.95","211176868.43","3137258.52","10103260500026"
"2026-05-22","2026-02-23","YA","TR.1007A","SV-800  EVAP/COND/","CIM1091789","10126052200140","1.00","51675088.47","51352987.91","322100.56","10103260500044"
"2026-05-25","2026-02-23","YA","TR.1007A","SV-800  EVAP/COND/","CIM1091781","10126052200131","1.00","51675088.47","51352987.91","322100.56","10103260500039"
"2026-05-29","2026-04-28","YA","TR.910A","RV-300 12V EVAP/CO","CIM1083386","10126052200124","1.00","27251352.25","27165189.60","86162.65","10103260500033"
"2026-05-29","2025-09-23","YA","TR.910A","RV-300 12V EVAP/CO","CIM1066366","10126052200129","1.00","27251352.25","27033944.08","217408.17","10103260500038"
"2026-06-02","2026-05-29","YA","TR.039A","T-1080 PRO  EVAP/C","CIM1096167","10126062200007","1.00","219945169.85","214314126.95","5631042.90","10103260600002"
"2026-06-02","2026-05-28","YA","TR.039A","T-1080 PRO  EVAP/C","CIM1096168","10126062200012","1.00","219945169.85","214314126.95","5631042.90","10103260600003"
"2026-06-03","2026-05-25","YA","TR.1006A","SV-600  EVAP/COND","CIM1096253","10126062200016","1.00","42446589.02","41231431.89","1215157.13","10103260600005"
"2026-06-05","2026-05-29","YA","TR.1006A","SV-600  EVAP/COND","CIM1096258","10126062200038","1.00","42446589.02","41231431.89","1215157.13","10103260600014"
"2026-06-05","2026-02-23","YA","TR.1007A","SV-800  EVAP/COND/","CIM1091778","10126062200032","1.00","51675088.47","51352987.91","322100.56","10103260600009"
"2026-06-05","2026-04-29","YA","TR.910A","RV-300 12V EVAP/CO","CIM1083378","10126062200034","1.00","27251352.25","27165189.60","86162.65","10103260600011"
"2026-06-12","2026-05-19","YA","TR.1006A","SV-600  EVAP/COND","CIM1091053","10126062200077","1.00","42446589.02","41231431.89","1215157.13","10103260600022"
"2026-06-12","2026-05-08","YA","TR.1006A","SV-600  EVAP/COND","CIM1091056","10126062200075","1.00","42446589.02","41231431.89","1215157.13","10103260600021"
"2026-06-24","2026-05-19","YA","TR.1006A","SV-600  EVAP/COND","CIM1091054","10126062200139","1.00","42446589.02","41231431.89","1215157.13","10103260600042"
"2026-06-30","2026-05-09","YA","NR.108A","KX380K - EVAP/COND","632BFAZI005","10126062200173","1.00","31500000.00","36200000.00","-4700000.00","10106260600004"
"2026-06-30","2026-02-23","YA","TR.1007A","SV-800  EVAP/COND/","CIM1091779","10126062200172","1.00","51675088.47","51352987.91","322100.56","10103260600056"
